<?xml version="1.0" encoding="UTF-8"?>
<project-private xmlns="http://www.netbeans.org/ns/project-private/1">
    <open-files xmlns="http://www.netbeans.org/ns/projectui-open-files/2">
        <group>
            <file>file:/C:/Users/provap2/Documents/NetBeansProjects/Exercio05_06/src/exercio05_06/cadastro_alunos.java</file>
            <file>file:/C:/Users/provap2/Documents/NetBeansProjects/Exercio05_06/src/exercio05_06/Exercio05_06.java</file>
        </group>
    </open-files>
</project-private>
